Year,Subject,Description,References
1991,Biology,"Robert Klark Graham, selector of seeds and prophet of propagation, for his pioneering development of the Repository for Germinal Choice, a sperm bank that accepts donations only from Nobellians and Olympians.",[]
1991,Chemistry,"Jacques Benveniste, prolific proselytizer and dedicated correspondent of Nature, for his persistent ""discovery"" that water, H2O, is an intelligent liquid, and for demonstrating to his satisfaction that water is able to remember events long after all traces of those events have vanished (see water memory, his proposed explanation for homeopathy).",[]
1991,Economics,"Michael Milken, titan of Wall Street and father of the junk bond, to whom the world is indebted.[3][4][5]","[3, 4, 5]"
1991,Education,"Dan Quayle, ""consumer of time and occupier of space"" (as well as the then-U.S. Vice President), for demonstrating, better than anyone else, the need for science education.",[]
1991,Literature,"Erich von Däniken, visionary raconteur and author of Chariots of the Gods?, for explaining how human civilization was influenced by ancient astronauts from outer space.",[]
1991,Medicine,"Alan Kligerman, deviser of digestive deliverance, vanquisher of vapor, and inventor of Beano, for his pioneering work with anti-gas liquids that prevent bloat, gassiness, discomfort, and embarrassment.",[]
1991,Peace,"Edward Teller, father of the hydrogen bomb and first champion of the Star Wars weapons system, for his lifelong efforts to change the meaning of peace as it is known.",[]
1992,Archaeology,"Éclaireurs de France (a French Scouting organization), removers of graffiti, for damaging the prehistoric paintings of two Bisons in the Cave of Mayrière supérieure near the French village of Bruniquel.[7]",[7]
1992,Art,"Presented jointly to Jim Knowlton, modern Renaissance man, for his classic anatomy poster ""Penises of the Animal Kingdom,"" and to the U.S. National Endowment for the Arts, for encouraging Mr. Knowlton to extend his work in the form of a pop-up book.",[]
1992,Biology,"Dr. Cecil Jacobson, relentlessly generous sperm donor, and prolific patriarch of sperm banking, for devising a simple, single-handed method of quality control.",[]
1992,Chemistry,"Ivette Bassa, constructor of colourful colloids, for her role in the crowning achievement of 20th century chemistry, the synthesis of bright blue Jell-O.",[]
1992,Economics,"The investors of Lloyd's of London, heirs to 300 years of dull prudent management, for their bold attempt to ensure disaster by refusing to pay for their company's losses.",[]
1992,Literature,"Yuri Struchkov,[8] unstoppable author from the Institute of Organoelement Compounds[9] in Moscow, for the 948 scientific papers he published between the years 1981 and 1990, averaging more than one every 3.9 days.","[8, 9]"
1992,Medicine,"F. Kanda, E. Yagi, M. Fukuda, K. Nakajima, T. Ohta, and O. Nakata of the Shiseido Research Center in Yokohama, for their pioneering research study ""Elucidation of Chemical Compounds Responsible for Foot Malodour,"" especially for their conclusion that people who think they have foot odor do, and those who don't, don't.[10]",[10]
1992,Nutrition,"The utilizers of SPAM, courageous consumers of canned comestibles, for 54 years of undiscriminating digestion.",[]
1992,Peace,"Daryl Gates, former police chief of the City of Los Angeles, for his uniquely compelling methods of bringing people together.",[]
1992,Physics,"David Chorley and Doug Bower, lions of low-energy physics, for their circular contributions to field theory based on the geometrical destruction of English crops.",[]
1993,Biology,"Presented jointly to Paul Williams Jr. of the Oregon State Health Division and Kenneth W. Newel of the Liverpool School of Tropical Medicine, bold biological detectives, for their pioneering study, ""Salmonella Excretion in Joy-Riding Pigs"".[11]",[11]
1993,Chemistry,"Presented jointly to James Campbell and Gaines Campbell of Lookout Mountain, Tennessee, dedicated deliverers of fragrance, for inventing scent strips, the odious method by which perfume is applied to magazine pages.",[]
1993,Consumer Engineering,"Presented to Ron Popeil, incessant inventor and perpetual pitchman of late night television, for redefining the industrial revolution with such devices as the Veg-O-Matic, the Pocket Fisherman, Mr. Microphone, and the Inside-the-Shell Egg Scrambler.",[]
1993,Economics,"Presented to Ravi Batra of Southern Methodist University, shrewd economist and best-selling author of The Great Depression of 1990 (ISBN 978-0-440-20168-7) and Surviving the Great Depression of 1990, (ISBN 978-0-671-66324-7) for selling enough copies of his books to single-handedly prevent worldwide economic collapse.",[]
1993,Literature,"Presented to T. Morrison, E. Topol, R. Califf, F. Van de Werf, P. W. Armstrong, and their 972 co-authors,[12] for publishing a medical research paper which has one hundred times as many authors as pages. The authors are from the following countries: Australia, Belgium, Canada, France, Germany, Ireland, Israel, Luxembourg, the Netherlands, New Zealand, Poland, Spain, Switzerland, the United Kingdom, and the United States.",[12]
1993,Mathematics,"Presented to Robert W. Faid of Greenville, South Carolina, farsighted and faithful seer of statistics, for calculating the exact odds (710,609,175,188,282,000 to 1) that Mikhail Gorbachev is the Antichrist.[13]",[13]
1993,Medicine,"Presented to James F. Nolan, Thomas J. Stillwell, and John P. Sands, Jr., medical men of mercy, for their painstaking research report, ""Acute Management of the Zipper-Entrapped Penis"".[14]",[14]
1993,Peace,"The Pepsi-Cola Company of the Philippines, for sponsoring a contest to create a millionaire, and then announcing the wrong winning number, thereby inciting and uniting 800,000 riotously expectant winners, and bringing many warring factions together for the first time in their nation's history.[15]",[15]
1993,Physics,"Presented to Corentin Louis Kervran of France, ardent admirer of alchemy, for his conclusion that the calcium in chickens' eggshells is created by a process of cold fusion.[16]",[16]
1993,Psychology,"Presented jointly to John E. Mack of Harvard Medical School and David M. Jacobs of Temple University, for their conclusion that people who believe they were kidnapped by aliens from outer space, probably were—and especially for their conclusion, ""the focus of the abduction is the production of children"".[17]",[17]
1993,Visionary Technology,"Presented jointly to Jay Schiffman of Farmington Hills, Michigan, crack inventor of AutoVision, an image projection device that makes it possible to drive a car and watch television at the same time, and to the Michigan State Legislature, for making it legal to do so.",[]
1994,Biology,"Presented to W. Brian Sweeney, Brian Krafte-Jacobs, Jeffrey W. Britton, and Wayne Hansen, for their breakthrough study, ""The Constipated Serviceman: Prevalence Among Deployed US Troops,"" and especially for their numerical analysis of bowel movement frequency.[18]",[18]
1994,Chemistry,"Presented to Texas State Senator Bob Glasgow, wise writer of logical legislation, for sponsoring the 1989 drug control law which makes it illegal to purchase beakers, flasks, test tubes, or other laboratory glassware without a permit.",[]
1994,Economics,"Presented to Juan Pablo Dávila of Chile, tireless trader of financial futures and former employee of the state-owned company Codelco, for instructing his computer to ""buy"" when he meant ""sell"". He subsequently attempted to recoup his losses by making increasingly unprofitable trades that ultimately lost 0.5 percent of Chile's gross national product. Davila's relentless achievement inspired his countrymen to coin a new verb, ""davilar"", meaning ""to botch things up royally"".",[]
1994,Entomology,"Presented to Robert A. Lopez of Westport, NY, valiant veterinarian and so called friend of all creatures great and small, for his series of experiments in obtaining ear mites from cats, inserting them into his own ear, and carefully observing and analyzing the results.[19]",[19]
1994,Literature,"Presented to L. Ron Hubbard, ardent author of science fiction and founding father of Scientology, for his crackling Good Book, Dianetics, which is highly profitable to mankind, or to a portion thereof.",[]
1994,Mathematics,"Presented to The Southern Baptist Church of Alabama, mathematical measurers of morality, for their county-by-county estimate of how many Alabama citizens will go to Hell if they don't repent.[20]",[20]
1994,Medicine,"Two prizes. First, to Patient X, formerly of the US Marine Corps, valiant victim of a venomous bite from his pet rattlesnake, for his determined use of electroshock therapy. At his own insistence, automobile spark plug wires were attached to his lip, and the car engine revved to 3,000 rpm for five minutes. Second, to Dr. Richard C. Dart of the Rocky Mountain Poison Center and Dr. Richard A. Gustafson of The University of Arizona Health Sciences Center, for their well-grounded medical report, ""Failure of Electric Shock Treatment for Rattlesnake Envenomation.""[21]",[21]
1994,Peace,"Presented to John Hagelin of Maharishi University and The Institute of Science, Technology and Public Policy, for his experimental conclusion that 4,000 trained meditators caused an 24 percent decrease in violent crime in Washington, D.C.[22]",[22]
1994,Psychology,"Presented to Lee Kuan Yew, former Prime Minister of Singapore, for his thirty-year study of the effects of punishing three million citizens of Singapore whenever they spat, chewed gum, or fed pigeons.",[]
1995,Chemistry,"Presented to Bijan Pakzad of Beverly Hills, for creating DNA Cologne and DNA Perfume, neither of which contain deoxyribonucleic acid, and both of which come in a triple helix bottle.",[]
1995,Dentistry,"Presented to Robert H. Beaumont, of Shoreview, Minnesota, for his incisive study ""Patient Preference for Waxed or Unwaxed Dental Floss"".[25]",[25]
1995,Economics,"Presented jointly to Nick Leeson and his superiors at Barings Bank and to Robert Citron of Orange County, California for using the calculus of derivatives to demonstrate that every financial institution has its limits.",[]
1995,Literature,"Presented to David B. Busch and James R. Starling, of Madison, Wisconsin, for their research report, ""Rectal Foreign Bodies: Case Reports and a Comprehensive Review of the World's Literature."" The citations include reports of, among other items: seven light bulbs; a knife sharpener; two flashlights; a wire spring; a snuff box; an oil can with potato stopper; eleven different forms of fruits, vegetables and other foodstuffs; a jeweler's saw; a frozen pig's tail; a tin cup; a beer glass; and one patient's remarkable ensemble collection consisting of spectacles, a suitcase key, a tobacco pouch and a magazine.[26]",[26]
1995,Medicine,"Presented to Marcia E. Buebel, David S. Shannahoff-Khalsa, and Michael R. Boyle, for their study entitled ""The Effects of Unilateral Forced Nostril Breathing on Cognition.""[27]",[27]
1995,Nutrition,"Presented to John Martinez of J. Martinez & Company in Atlanta, for luak coffee, the world's most expensive coffee, which is made from coffee beans ingested and excreted by the luak, a bobcat-like animal native to Indonesia.",[]
1995,Peace,"Presented to the Legislative Yuan of the Republic of China (Taiwan), for demonstrating that ""politicians gain more by punching, kicking and gouging each other than by waging war against other nations"", in the context of legislative violence.",[]
1995,Physics,"Presented to Dominique M.R. Georget, R. Parker, and Andrew C. Smith of Norwich, England, for their rigorous analysis of soggy breakfast cereal. It was published in the report entitled ""A Study of the Effects of Water Content on the Compaction Behaviour of Breakfast Cereal Flakes.""[28]",[28]
1995,Psychology,"Presented to Shigeru Watanabe, Junko Sakamoto, and Masumi Wakita, of Keio University, for their success in training pigeons to discriminate between the paintings of Picasso and those of Monet.[29]",[29]
1995,Public Health,"Presented to Martha Kold Bakkevig of Sintef Unimed in Trondheim, Norway, and Ruth Nielsen of the Technical University of Denmark, for their exhaustive study, ""Impact of Wet Underwear on Thermoregulatory Responses and Thermal Comfort in the Cold.""[30]",[30]
1996,Art,"Presented to Don Featherstone of Fitchburg, Massachusetts, for his ornamentally evolutionary invention, the plastic pink flamingo. Featherstone was the first Ig Nobel Prize winner to appear in person at the awards ceremony to accept the award.[32]",[32]
1996,Biodiversity,"Presented to Chonosuke Okamura of the Okamura Fossil Laboratory in Nagoya, Japan, for discovering the fossils of dinosaurs, horses, dragons, and more than one thousand other extinct ""mini-species"", each of which is less than 0.25 mm in length.",[]
1996,Biology,"Presented jointly to Anders Bærheim and Hogne Sandvik of the University of Bergen, Norway, for their report, ""Effect of Ale, Garlic, and Soured Cream on the Appetite of Leeches.""[33]",[33]
1996,Chemistry,"Presented to George Goble of Purdue University, for his blistering world record time for igniting a barbecue grill: three seconds, using charcoal and liquid oxygen.[34]",[34]
1996,Economics,"Presented to Dr. Robert J. Genco of the University at Buffalo for his discovery that ""financial strain is a risk indicator for destructive periodontal disease.""[35]",[35]
1996,Literature,Presented to the editors of the journal Social Text for publishing a paper composed under deceptive pretenses that couched an absurd but theoretically specialized argument about the nature of gravity in a mire of academic buzzwords associated with humanities departments. (See Sokal Affair for details).,[]
1996,Medicine,"Presented to James Johnston of R.J. Reynolds, Joseph Taddeo of U.S. Tobacco, Andrew Tisch of Lorillard, William Campbell of Philip Morris, Edward A. Horrigan of Liggett Group, Donald S. Johnston of American Tobacco Company, and Thomas E. Sandefur, Jr., chairman of Brown and Williamson Tobacco Company, for their unshakable discovery, as testified to the U.S. Congress, that nicotine is not addictive.",[]
1996,Peace,"Presented to Jacques Chirac, President of France, for commemorating the fiftieth anniversary of Hiroshima with atomic bomb tests in the Pacific.",[]
1996,Physics,"Presented to Robert Matthews of Aston University, England, for his studies of Murphy's Law, and especially for demonstrating that toast often falls on the buttered side.[36]",[36]
1996,Public Health,"Presented to Ellen Kleist of Nuuk, Greenland and Harald Moi of Oslo, Norway, for their cautionary medical report ""Transmission of Gonorrhea Through an Inflatable Doll.""[37]",[37]
1997,Astronomy,"Presented to Richard C. Hoagland of New Jersey, for identifying artificial features on the moon and on Mars, including a human face on Mars and ten-mile high buildings on the far side of the moon.[39]",[39]
1997,Biology,"Presented to T. Yagyu and his colleagues from the University Hospital of Zurich, Switzerland, the Kansai Medical University in Osaka, Japan, and the Neuroscience Technology Research in Prague, Czech Republic, for measuring people's brainwave patterns while they chewed different flavors of gum.[40]",[40]
1997,Communications,"Presented to Sanford Wallace, president of Cyber Promotions of Philadelphia. Nothing has stopped this self-appointed courier from delivering electronic junk mail to all the world.",[]
1997,Economics,"Presented to Akihiro Yokoi of Wiz Company in Chiba, Japan, and Aki Maita of Bandai Company in Tokyo, for diverting millions of man-hours of work into the husbandry of virtual pets.",[]
1997,Entomology,"Presented to Mark Hostetler of the University of Florida, for his book, That Gunk on Your Car, (ISBN 978-0-89815-961-5) which identifies the insect splats that appear on automobile windows.",[]
1997,Literature,"Presented to Doron Witztum, Eliyahu Rips, and Yoav Rosenberg of Israel, and to Michael Drosnin of the United States, for their claimed statistical discovery of a hidden code in the Bible.[41]",[41]
1997,Medicine,"Presented to Carl J. Charnetski and Francis X. Brennan, Jr. of Wilkes University, and James F. Harrison of Muzak Ltd. in Seattle, Washington, for their discovery that listening to Muzak stimulates immunity system production and thus may help prevent the common cold.[42]",[42]
1997,Meteorology,"Presented to Bernard Vonnegut of the State University of New York at Albany, for his report, ""Chicken Plucking as Measure of Tornado Wind Speed.""[43]",[43]
1997,Peace,"Presented to Harold Hillman of the University of Surrey, England, for his report ""The Possible Pain Experienced During Execution by Different Methods.""[44]",[44]
1997,Physics,"Presented to John Bockris of Texas A&M University, for his achievements in cold fusion, in the transmutation of base elements into gold, and in the electrochemical incineration of domestic rubbish.",[]
1998,Chemistry,"Presented to Jacques Benveniste of France, for his homeopathic ""discovery"" that not only does water have memory, but that the information can be transmitted over telephone lines and the Internet.[46]",[46]
1998,Biology,"Presented to Peter Fong of Gettysburg College, Gettysburg, Pennsylvania, for contributing to the happiness of clams by giving them Prozac.[47]",[47]
1998,Economics,Presented to Richard Seed of Chicago for his efforts to stoke up the world economy by cloning himself and other human beings.[48],[48]
1998,Literature,"Presented to Dr. Mara Sidoli of Washington, D.C., for her illuminating report, ""Farting as a Defence Against Unspeakable Dread"".[49]",[49]
1998,Medicine,"Presented to Patient Y and to his doctors, Caroline Mills, Meirion Llewelyn, David Kelly, and Peter Holt, of Royal Gwent Hospital, in Newport for the cautionary medical report, ""A Man Who Pricked His Finger and Smelled Putrid for 5 Years.""[50]",[50]
1998,Peace,"Presented to Prime Minister of India, Atal Bihari Vajpayee and Prime Minister of Pakistan, Nawaz Sharif, for their aggressively peaceful detonations of atomic bombs.",[]
1998,Physics,"Presented to Deepak Chopra of The Chopra Center for Well Being, La Jolla, California, for his unique interpretation of quantum physics as it applies to life, liberty, and the pursuit of economic happiness.[51]",[51]
1998,Safety Engineering,"Presented to Troy Hurtubise, of North Bay, Ontario, for developing and personally testing a suit of armor that is impervious to grizzly bears.",[]
1998,Science Education,"Presented to Dolores Krieger, Professor Emerita, New York University, for demonstrating the merits of therapeutic touch, a method by which nurses manipulate the energy fields of ailing patients by carefully avoiding physical contact with those patients.",[]
1998,Statistics,"Presented to Jerald Bain of Mt. Sinai Hospital in Toronto and Kerry Siminoski of the University of Alberta, for their carefully measured report, ""The Relationship Among Height, Penile Length, and Foot Size"".[52]",[52]
1999,Biology,"Presented to Dr. Paul Bosland, director of The Chile Pepper Institute, New Mexico State University, Las Cruces, New Mexico, for breeding a spiceless jalapeño chili pepper.",[]
1999,Chemistry,"Presented to Takeshi Makino, president of The Safety Detective Agency in Osaka, Japan, for his involvement with S-Check, an infidelity detection spray that wives can apply to their husbands' underwear.",[]
1999,Environmental Protection,"Presented to Hyuk-ho Kwon of Kolon Company of Seoul, South Korea, for inventing the self-perfuming business suit.",[]
1999,Literature,Presented to the British Standards Institution for its six-page specification (BS 6008) of the proper way to make a cup of tea.,[]
1999,Managed Health Care,"Presented to George Blonsky and Charlotte Blonsky of New York City and San Jose, California, for inventing an Apparatus for facilitating the birth of a child by centrifugal force (U.S. Patent 3,216,423) to aid women in giving birth: the woman is strapped onto a circular table, and the table is then rotated at high speed.",[]
1999,Medicine,"Presented to Arvid Vatle of Stord, Norway, for carefully collecting, classifying, and contemplating which kinds of containers his patients chose when submitting urine samples.",[]
1999,Peace,"Presented to Charl Fourie and Michelle Wong of Johannesburg, South Africa, for inventing the Blaster, a foot-pedal activated flamethrower that motorists can use against carjackers.",[]
1999,Physics,"Presented to Dr. Len Fisher of Bristol, England and Sydney, Australia for calculating the optimal way to dunk a biscuit (cookie).[54] Also, to Professor Jean-Marc Vanden-Broeck of the University of East Anglia, England, and Belgium, and Joseph Keller of the U.S.[55] for calculating how to make a teapot spout that does not drip.[56]","[54, 55, 56]"
1999,Science Education,"Presented to the Kansas State Board of Education and the Colorado State Board of Education, for mandating that children should not believe in Darwin's theory of evolution any more than they believe in Newton's theory of gravitation, Faraday's and Maxwell's theory of electromagnetism, or Pasteur's theory that germs cause disease.",[]
1999,Sociology,"Presented to Steve Penfold, of York University in Toronto, for doing his PhD thesis on the history of Canadian doughnut shops.[57]",[57]
2000,Biology,"Presented to Richard Wassersug of Dalhousie University, for his firsthand report, ""On the Comparative Palatability of Some Dry-Season Tadpoles from Costa Rica"".[59]",[59]
2000,Chemistry,"Presented to Donatella Marazziti, Alessandra Rossi, and Giovanni B. Cassano of the University of Pisa, Italy, and Hagop S. Akiskal of the University of California, San Diego, for their discovery that, biochemically, romantic love may be indistinguishable from having severe obsessive-compulsive disorder.[60]",[60]
2000,Computer Science,"Presented to Chris Niswander of Tucson, Arizona, for inventing PawSense, software that detects when a cat is walking across your computer keyboard.",[]
2000,Economics,"Presented to The Reverend Sun Myung Moon, for bringing efficiency and steady growth to the mass marriage industry, with, according to his reports, a 36-couple wedding in 1960, a 430-couple wedding in 1968, an 1800-couple wedding in 1975, a 6000-couple wedding in 1982, a 30,000-couple wedding in 1992, a 360,000-couple wedding in 1995, and a 36,000,000-couple wedding in 1997.",[]
2000,Literature,"Presented to Jasmuheen (formerly known as Ellen Greve) of Australia, first lady of Breatharianism, for her book Living on Light, (ISBN 978-3-929512-35-9) which explains that although some people do eat food, they don't ever really need to.",[]
2000,Medicine,"Presented to Willibrord Weijmar Schultz, Pek van Andel, and Eduard Mooyaart of Groningen, the Netherlands, and Ida Sabelis of Amsterdam, for their illuminating report ""Magnetic Resonance Imaging of Male and Female Genitals During Coitus and Female Sexual Arousal.""[61]",[61]
2000,Peace,"Presented to The Royal Navy, for ordering its sailors to stop using live cannon shells, and to instead just shout ""Bang!""[62]",[62]
2000,Physics,"Presented to Andre Geim of the University of Nijmegen, the Netherlands, and Michael Berry of Bristol University, England, for using magnets to levitate a frog.[63] Geim later shared the 2010 Nobel Prize in physics for his research on graphene, the first time anyone has been awarded both the Ig Nobel and (real) Nobel Prizes. And by 2022 their magnetic levitation of a frog was reportedly part of the inspiration for China's lunar gravity research facility.[64][65]","[63, 64, 65]"
2000,Psychology,"Presented to David Dunning of Cornell University and Justin Kruger of the University of Illinois, for their modest report, ""Unskilled and Unaware of It: How Difficulties in Recognizing One's Own Incompetence Lead to Inflated Self-Assessments"".[66]",[66]
2000,Public Health,"Presented to Jonathan Wyatt, Gordon McNaughton, and William Tullett of Glasgow, for their alarming report, ""The Collapse of Toilets in Glasgow"".[67]",[67]
2001,Astrophysics,"Presented to Jack Van Impe and Rexella Van Impe of Jack Van Impe Ministries, Rochester Hills, Michigan, for their discovery that black holes fulfill all the technical requirements for the location of Hell.",[]
2001,Biology,"Presented to Buck Weimer of Pueblo, Colorado for inventing Under-Ease, airtight underwear with a replaceable charcoal filter that removes bad-smelling gases before they escape.",[]
2001,Economics,"Presented to Joel Slemrod, of the University of Michigan Business School, and Wojciech Kopczuk, of the University of British Columbia, for their conclusion that people find a way to postpone their deaths if that would qualify them for a lower rate on the inheritance tax.[68][69]","[68, 69]"
2001,Literature,"Presented to John Richards of Boston, England, founder of the Apostrophe Protection Society, for his efforts to protect, promote, and defend the differences between the plural and the possessive.",[]
2001,Medicine,"Presented to Peter Barss[70] of McGill University, Canada, for his impactful medical report ""Injuries Due to Falling Coconuts"".[71]","[70, 71]"
2001,Peace,"Presented to Viliumas Malinauskas of Grūtas, Lithuania, for creating the amusement park known as ""Stalin World"".",[]
2001,Physics,"Presented to David Schmidt of the University of Massachusetts, for his partial explanation of the shower-curtain effect: a shower curtain tends to billow inwards while a shower is being taken.[72]",[72]
2001,Psychology,"Presented to Lawrence W. Sherman of Miami University, Ohio, for his influential research report ""An Ecological Study of Glee in Small Groups of Preschool Children"".[73]",[73]
2001,Public Health,"Presented to Chittaranjan Andrade and B. S. Srihari of the National Institute of Mental Health and Neurosciences, Bangalore, India, for their probing medical discovery that nose-picking is a common activity among adolescents.[74]",[74]
2001,Technology,"Presented jointly to John Keogh of Hawthorn, Victoria, Australia, for patenting the wheel in the year 2001, and to the Australian Patent Office (IP Australia) for granting him Innovation Patent #2001100012",[]
2002,Biology,"Presented to Norma E. Bubier, Charles G.M. Paxton, Phil Bowers, and D. Charles Deeming of the United Kingdom, for their report ""Courtship Behaviour of Ostriches Towards Humans Under Farming Conditions in Britain"".[75]",[75]
2002,Chemistry,"Presented to Theodore Gray of Wolfram Research, in Champaign, Illinois, for gathering many elements of the periodic table, and assembling them into a four-legged version.",[]
2002,Economics,"Presented to the executives, corporate directors, and auditors of Enron, Lernout & Hauspie (Belgium), Adelphia, Bank of Commerce and Credit International (Pakistan), Cendant, CMS Energy, Duke Energy, Dynegy, Gazprom (Russia), Global Crossing, HIH Insurance (Australia), Informix, Kmart, Maxwell Communications (UK), McKessonHBOC, Merrill Lynch, Merck, Peregrine Systems, Qwest Communications, Reliant Resources, Rent-Way, Rite Aid, Sunbeam, Tyco, Waste Management, WorldCom, Xerox, and Arthur Andersen, for adapting the mathematical concept of imaginary numbers for use in the business world. (All companies except for Arthur Andersen were forced to restate their financial reports due to false or incorrect accounting. Andersen was the accounting firm most identified with the scandals, having been indicted on criminal charges stemming from its actions as auditor of Enron. All companies are U.S.-based unless otherwise noted.)",[]
2002,Hygiene,"Presented to Eduardo Segura, from Tarragona, Catalonia (Spain), for inventing a washing machine for cats and dogs, bearing the commercial name of Lavakan de Aste.[76]",[76]
2002,Interdisciplinary Research,"Presented to Karl Kruszelnicki of The University of Sydney, Australia, for performing a comprehensive survey of human belly button fluff – who gets it, when, what color, and how much.",[]
2002,Literature,"Presented jointly to Vicki L. Silvers of the University of Nevada, Reno and David S. Kreiner of Central Missouri State University, for their colorful report ""The Effects of Pre-Existing Inappropriate Highlighting on Reading Comprehension"".[77]",[77]
2002,Mathematics,"Presented to K. P. Sreekumar and G. Nirmalan of Kerala Agricultural University, India, for their analytical report ""Estimation of the Total Surface Area in Indian Elephants"".[78]",[78]
2002,Medicine,"Presented to Chris McManus of University College London, for his excruciatingly balanced report, ""Scrotal Asymmetry in Man and in Ancient Sculpture"".[79]",[79]
2002,Peace,"Presented to Keita Sato, President of Takara Co., Dr. Matsumi Suzuki, President of Japan Acoustic Lab, and Dr. Norio Kogure, Executive Director, Kogure Veterinary Hospital, for promoting peace and harmony between the species by inventing Bow-Lingual, a computer-based automatic dog-to-human language translation device.",[]
2002,Physics,"Presented to Arnd Leike [de] of the Ludwig Maximilian University of Munich, for demonstrating that beer froth obeys the mathematical law of exponential decay.[80]",[80]
2003,Biology,"Presented to Kees Moeliker, of Natuurhistorisch Museum Rotterdam in Rotterdam, the Netherlands, for documenting the first scientifically recorded case of homosexual necrophilia in the mallard duck.[81]",[81]
2003,Chemistry,"Presented to Yukio Hirose of Kanazawa University, for his chemical investigation of a bronze statue, in the city of Kanazawa, that fails to attract pigeons due to its arsenic content.[82]",[82]
2003,Economics,"Presented to Karl Schwärzler and the nation of Liechtenstein, for making it possible to rent the entire country for corporate conventions, weddings, bar mitzvahs, and other gatherings.[83]",[83]
2003,Engineering,"Presented to John Paul Stapp, Edward A. Murphy, Jr., and George Nichols, for jointly giving birth in 1949 to Murphy's Law, the basic engineering principle that ""If there are two or more ways to do something, and one of those ways can result in a catastrophe, someone will do it"" (or, in other words: ""If anything can go wrong, it will"").",[]
2003,Interdisciplinary Research,"Presented to Stefano Ghirlanda, Liselotte Jansson, and Magnus Enquis of Stockholm University, for their inevitable report ""Chickens Prefer Beautiful Humans.""[84]",[84]
2003,Literature,"Presented to John Trinkaus, of the Zicklin School of Business, New York City, for meticulously collecting data and publishing more than 80 detailed academic reports about things that annoyed him, such as:
What percentage of young people wear baseball caps with the peak facing to the rear rather than to the front;
What percentage of pedestrians wear sport shoes that are white rather than some other color;
What percentage of swimmers swim laps in the shallow end of a pool rather than the deep end;
What percentage of automobile drivers almost, but not completely, come to a stop at one particular stop-sign;
What percentage of commuters carry attaché cases;
What percentage of shoppers exceed the number of items permitted in a supermarket's express checkout lane;
What percentage of students dislike the taste of Brussels sprouts.",[]
2003,Medicine,"Presented to Eleanor Maguire, David Gadian, Ingrid Johnsrude, Catriona Good, John Ashburner, Richard Frackowiak, and Christopher Frith of University College London, for presenting evidence that the hippocampi of London taxi drivers are more highly developed than those of their fellow citizens.[85]",[85]
2003,Peace,"Presented to Lal Bihari, of Uttar Pradesh, India, for a triple accomplishment: First, for leading an active life even though he has been declared legally dead; second, for waging a lively posthumous campaign against bureaucratic inertia and greedy relatives; and third, for creating the Association of Dead People. Lal Bihari overcame the handicap of being dead, and managed to obtain a passport from the Indian government so that he could travel to Harvard to accept his Prize. However, the U.S. government refused to allow him into the country. His friend Madhu Kapoor therefore came to the Ig Nobel Ceremony and accepted the Prize on behalf of Lal Bihari. Several weeks later, the Prize was presented to Lal Bihari himself in a special ceremony in India.",[]
2003,Physics,"Presented to Jack Harvey, John Culvenor, Warren Payne, Steve Cowley, Michael Lawrance, David Stuart, and Robyn Williams of Australia, for their irresistible report ""An analysis of the forces required to drag sheep over various surfaces"".[86]",[86]
2003,Psychology,"Presented to Gian Vittorio Caprara and Claudio Barbaranelli of the University of Rome La Sapienza, and to Philip Zimbardo of Stanford University, for their discerning report ""Politicians' Uniquely Simple Personalities"".[87]",[87]
2004,Biology,"Presented to Ben Wilson of the University of British Columbia, Lawrence Dill of Simon Fraser University, Canada, Robert Batty of the Scottish Association for Marine Science, Magnus Wahlberg of the University of Aarhus, Denmark, and Håkan Westerberg of Sweden's National Board of Fisheries, for showing that herrings apparently communicate by farting.[88][89]","[88, 89]"
2004,Chemistry,"Presented to The Coca-Cola Company of Great Britain, for using advanced technology to convert liquid from the River Thames (via a drinking water tap in Sidcup) into Dasani, a brand of bottled water, which for precautionary reasons has been made unavailable to consumers.[91]",[91]
2004,Economics,"Presented to the Vatican, for outsourcing prayers to India.[92]",[92]
2004,Engineering,"Presented jointly to Donald J. Smith and his father, Frank J. Smith, of Orlando, Florida, for patenting the comb over (U.S. Patent 4,022,227).",[]
2004,Literature,"Presented to The American Nudist Research Library of Kissimmee, Florida, for preserving nudist history so that everyone can see it.",[]
2004,Medicine,"Presented jointly to Steven Stack of Wayne State University, Detroit, Michigan, and James Gundlach of Auburn University, Auburn, Alabama, for their published report ""The Effect of Country Music on Suicide"".[93][94]","[93, 94]"
2004,Peace,"Presented to Daisuke Inoue of Hyōgo Prefecture, Japan, for inventing karaoke, thereby providing an entirely new way for people to learn to tolerate each other.",[]
2004,Physics,"Presented jointly to Ramesh Balasubramaniam of the University of Ottawa, and Michael Turvey of the University of Connecticut and Haskins Laboratory, for exploring and explaining the dynamics of hula-hooping.[95]",[95]
2004,Psychology,"Presented jointly to Daniel Simons of the University of Illinois at Urbana–Champaign and Christopher Chabris of Harvard University, for demonstrating that when people pay close attention to something, it's all too easy to overlook anything else – even a woman in a gorilla suit.[96] (See inattentional blindness).",[96]
2004,Public Health,"Presented to Jillian Clarke of the Chicago High School for Agricultural Sciences, and then Howard University, for investigating the scientific validity of the five-second rule about whether it's safe to eat food that's been dropped on the floor.[97]",[97]
2005,Agricultural History,"Presented to James Watson of Massey University, New Zealand, for his scholarly study, ""The Significance of Mr. Richard Buckley's exploding trousers"".[98]",[98]
2005,Biology,"Presented jointly to Benjamin Smith of the University of Adelaide, Australia and the University of Toronto, Canada and the Firmenich perfume company, Geneva, Switzerland, and ChemComm Enterprises, Archamps, France; Craig Williams of James Cook University and the University of South Australia; Michael Tyler of the University of Adelaide; Brian Williams of the University of Adelaide; and Yoji Hayasaka of the Australian Wine Research Institute; for painstakingly smelling and cataloging the peculiar odors produced by 131 different species of frogs when the frogs were feeling stressed.[99][100]","[99, 100]"
2005,Chemistry,"Presented jointly to Edward Cussler of the University of Minnesota and Brian Gettelfinger of the University of Minnesota and the University of Wisconsin–Madison, for conducting a careful experiment to settle the longstanding scientific question: can people swim faster in syrup or in water?[101][102]","[101, 102]"
2005,Economics,"Presented to Gauri Nanda of the Massachusetts Institute of Technology, for inventing Clocky, an alarm clock that runs away and hides, repeatedly, thus ensuring that people get out of bed, and thus theoretically adding many productive hours to the workday.",[]
2005,Fluid Dynamics,"Presented jointly to Victor Benno Meyer-Rochow of International University Bremen, Germany and the University of Oulu, Finland; and József Gál of Loránd Eötvös University, Hungary, for using basic principles of physics to calculate the pressure that builds up inside a penguin, as detailed in their report ""Pressures Produced When Penguins Poo—Calculations on Avian Defecation"".[103]",[103]
2005,Literature,"Presented to the Internet entrepreneurs of Nigeria, for creating and then using e-mail to distribute a bold series of short stories, thus introducing millions of readers to a cast of rich characters—General Sani Abacha, Mrs. Mariam Sanni Abacha, Barrister Jon A Mbeki Esq., and others—each of whom requires just a small amount of expense money so as to obtain access to the great wealth to which they are entitled and which they would like to share with the kind person who assists them. (See advance fee fraud.)",[]
2005,Medicine,"Presented to Gregg A. Miller of Oak Grove, Missouri, for inventing Neuticles—artificial replacement testicles for dogs, which are available in three sizes, and three degrees of firmness.",[]
2005,Nutrition,"Presented to Dr. Yoshiro Nakamatsu of Tokyo, Japan, for photographing and retrospectively analyzing every meal he has consumed during a period of 34 years (and counting).",[]
2005,Peace,"Presented jointly to Claire Rind and Peter Simmons of University of Newcastle, in the UK, for electrically monitoring the activity of a brain cell in a locust while that locust was watching selected highlights from the movie Star Wars.[104]",[104]
2005,Physics,"Presented jointly to John Mainstone and Thomas Parnell of the University of Queensland, Australia, for patiently conducting the so-called pitch drop experiment that began in the year 1927—in which a glob of congealed black tar pitch has been slowly dripping through a funnel, at a rate of approximately one drop every nine years.[105]",[105]
2006,Acoustics,"D. Lynn Halpern of Harvard Vanguard Medical Associates, and Brandeis University, and Northwestern University, Randolph Blake of Vanderbilt University and Northwestern University and James Hillenbrand of Western Michigan University and Northwestern University for conducting experiments to learn why people dislike the sound of fingernails scraping chalkboard.[106]",[106]
2006,Biology,"Bart Knols of Wageningen Agricultural University, in Wageningen, the Netherlands, and of the National Institute for Medical Research / Ifakara Health Institute, Tanzania, and of the International Atomic Energy Agency, in Vienna, Austria; and Ruurd de Jong of Wageningen Agricultural University, and of Santa Maria degli Angeli, Italy for showing that the female malaria mosquito Anopheles gambiae is attracted equally to the smell of limburger cheese and to the smell of human feet.[107]",[107]
2006,Chemistry,"Antonio Mulet, José Javier Benedito and José Bon of the Polytechnic University of Valencia, Spain, and Carmen Rosselló of the University of Illes Balears, in Palma de Mallorca, Spain, for their study ""Ultrasonic Velocity in Cheddar Cheese as Affected by Temperature"".[108]",[108]
2006,Literature,"Daniel M. Oppenheimer of Princeton University for his report ""Consequences of Erudite Vernacular Utilized Irrespective of Necessity: Problems with Using Long Words Needlessly"".[109]",[109]
2006,Mathematics,"Nic Svenson and Piers Barnes of the Australian Commonwealth Scientific and Industrial Research Organisation, for calculating the number of photographs that must be taken to (almost) ensure that nobody in a group photo will have their eyes closed.[110]",[110]
2006,Medicine,"Francis M. Fesmire of the University of Tennessee College of Medicine, for his medical case report ""Termination of Intractable Hiccups with Digital Rectal Massage"";[111]",[111]
2006,Nutrition,"Wasmia Al-Houty of Kuwait University and Faten Al-Mussalam of the Kuwait Environment Public Authority, for showing that dung beetles are finicky eaters.[112]",[112]
2006,Ornithology,"Ivan R. Schwab, of the University of California, Davis, and Philip R.A. May of the University of California, Los Angeles, for exploring and explaining why woodpeckers don't get headaches.[113]",[113]
2006,Peace,"Howard Stapleton of Merthyr Tydfil, Wales, for inventing an electromechanical teenager repellant – a device that makes annoying high-pitched noise designed to be audible to teenagers but not to adults; and for later using that same technology to make telephone ringtones that are audible to teenagers but probably not to their teachers.",[]
2006,Physics,"Basile Audoly and Sebastien Neukirch of the Université Pierre et Marie Curie, for their analysis that explains why uncooked spaghetti breaks into several pieces when it is bent.[114]",[114]
2007,Aviation,"Patricia V. Agostino, Santiago A. Plano and Diego A. Golombek, for discovering that hamsters recover from jetlag more quickly when given Viagra.[115][116]","[115, 116]"
2007,Biology,"Johanna E.M.H. van Bronswijk, for taking a census of all the mites and other life forms that live in people's beds.[117]",[117]
2007,Chemistry,Mayu Yamamoto for extracting vanilla flavour from cow dung.[118],[118]
2007,Economics,"Kuo Cheng Hsieh, for patenting a device to catch bank robbers by ensnaring them in a net.[119]",[119]
2007,Linguistics,"Juan Manuel Toro, Josep B. Trobalon and Nuria Sebastian-Galles, for determining that rats sometimes can't distinguish between recordings of Japanese and Dutch played backward.[120]",[120]
2007,Literature,"Glenda Browne, for her study into indexing entries that start with the definitive article ""the"".[121]",[121]
2007,Medicine,"Dan Meyer and Brian Witcombe, for investigating the side-effects of swallowing swords.[122]",[122]
2007,Nutrition,"Brian Wansink, for investigating people's appetite for mindless eating by secretly feeding them a self-refilling bowl of soup.[123]",[123]
2007,Peace,"The United States Air Force Wright Laboratory in Dayton, Ohio, for suggesting the research and development of a ""gay bomb,"" which would cause enemy troops to become sexually attracted to each other.[124]",[124]
2007,Physics,Lakshminarayanan Mahadevan and Enrique Cerda Villablanca for their theoretical study of how sheets become wrinkled.[125],[125]
2008,Archaeology,"Astolfo Gomes de Mello Araujo and Jose Carlos Marcelino, for showing that armadillos can mix up the contents of an archaeological site.[127][128]","[127, 128]"
2008,Biology,"Marie-Christine Cadiergues, Christel Joubert, and Michel Franc, for discovering that fleas that live on dogs jump higher than fleas that live on cats.[129]",[129]
2008,Chemistry,"Sheree Umpierre, Joseph Hill, and Deborah Anderson, for discovering that Coca-Cola is an effective spermicide,[130] and C.Y. Hong, C.C. Shieh, P. Wu, and B.N. Chiang for accidentally proving it is not.[131][132]","[130, 131, 132]"
2008,Cognitive Science,"Toshiyuki Nakagaki, Hiroyasu Yamada, Ryo Kobayashi, Atsushi Tero, Akio Ishiguro, and Ágota Tóth, for discovering that slime molds can solve puzzles.[133][134]","[133, 134]"
2008,Economics,"Geoffrey Miller, Joshua Tybur, and Brent Jordan, for discovering that exotic dancers earn more when at peak fertility.[135]",[135]
2008,Literature,"David Sims, for his study ""You Bastard: A Narrative Exploration of the Experience of Indignation within Organizations"".[136][137]","[136, 137]"
2008,Medicine,"Rebecca Waber, Baba Shiv, Ziv Carmon, and Dan Ariely for demonstrating that expensive placebos are more effective than inexpensive placebos.[138][139]","[138, 139]"
2008,Nutrition,"Massimiliano Zampini and Charles Spence, for demonstrating that food tastes better when it sounds more appealing.[140][141]","[140, 141]"
2008,Peace,"The Swiss Federal Ethics Committee on Non-Human Biotechnology and the citizens of Switzerland, for adopting the legal principle that plants have dignity.[142]",[142]
2008,Physics,"Dorian M. Raymer and Douglas Smith, for proving that heaps of string or hair will inevitably tangle.[143]",[143]
2009,Biology,"Fumiaki Taguchi, Song Guofu, and Zhang Guanglei of Kitasato University Graduate School of Medical Sciences in Sagamihara, Japan, for demonstrating that kitchen refuse can be reduced more than 90% in mass by using bacteria extracted from the feces of giant pandas.[144][145]","[144, 145]"
2009,Chemistry,"Javier Morales, Miguel Apatiga, and Victor M. Castano of Universidad Nacional Autonoma de Mexico, for creating diamond film from tequila.[146][147]","[146, 147]"
2009,Economics,"The directors, executives, and auditors of four Icelandic banks—Kaupthing Bank, Landsbanki, Glitnir Bank, and Central Bank of Iceland—for demonstrating that tiny banks can be rapidly transformed into huge banks, and vice versa (and for demonstrating that similar things can be done to an entire national economy).",[]
2009,Literature,"Garda Síochána for writing and presenting more than 50 traffic tickets to a Polish individual, by the name of ""Prawo Jazdy"". Mr. ""Jazdy"" was widely thought to be the most frequent driving offender in Ireland, until an investigation uncovered the fact that Prawo Jazdy is the Polish term for ""Driving License"".[148]",[148]
2009,Mathematics,"Gideon Gono, governor of Zimbabwe's Reserve Bank, for giving people a simple, everyday way to cope with a wide range of numbers by having his bank print notes with denominations ranging from one cent to one hundred trillion dollars.",[]
2009,Medicine,"Donald L. Unger of Thousand Oaks, California, US, for investigating a possible cause of arthritis of the fingers, by diligently cracking the knuckles of his left hand but not his right hand every day for 50 years.[149]",[149]
2009,Peace,"Stephan Bolliger, Steffen Ross, Lars Oesterhelweg, Michael Thali, and Beat Kneubuehl of the University of Bern, Switzerland, for determining whether it is better to be hit on the head with a full bottle of beer or with an empty bottle.[150]",[150]
2009,Physics,"Katherine K. Whitcome of the University of Cincinnati, Daniel E. Lieberman of Harvard University, and Liza J. Shapiro of the University of Texas at Austin, all in the US, for analytically determining why pregnant women do not tip over.[151]",[151]
2009,Public Health,"Elena N. Bodnar, Raphael C. Lee, and Sandra Marijan of Chicago, US, for inventing a bra that can be quickly converted into a pair of face masks—one for the wearer and one to be given to a needy bystander.[152]",[152]
2009,Veterinary medicine,"Catherine Douglas and Peter Rowlinson of Newcastle University, UK, for showing that cows with names give more milk than cows that are nameless.[153]",[153]
2010,Biology,"Libiao Zhang, Min Tan, Guangjian Zhu, Jianping Ye, Tiyu Hong, Shanyi Zhou, and Shuyi Zhang of China, and Gareth Jones of the University of Bristol, UK, for scientifically documenting fellatio in fruit bats.[154]",[154]
2010,Chemistry,"Eric Adams, Scott Socolofsky, Stephen Masutani and BP, for disproving the old belief that oil and water don't mix.[155]",[155]
2010,Economics,"The executives and directors of Goldman Sachs, AIG, Lehman Brothers, Bear Stearns, Merrill Lynch, and Magnetar Capital for creating and promoting new ways to invest money—ways that maximize financial gain and minimize financial risk for the world economy, or for a portion thereof.",[]
2010,Engineering,"Karina Acevedo-Whitehouse and Agnes Rocha-Gosselin of the Zoological Society of London, UK, and Diane Gendron of Instituto Politecnico Nacional, Baja California Sur, Mexico, for perfecting a method to collect whale snot, using a remote-control helicopter.[156]",[156]
2010,Management,"Alessandro Pluchino, Andrea Rapisarda, and Cesare Garofalo of the University of Catania, Italy, for demonstrating mathematically that organizations would become more efficient if they promoted people at random.[157]",[157]
2010,Medicine,"Simon Rietveld of the University of Amsterdam, The Netherlands, and Ilja van Beest of Tilburg University, The Netherlands, for discovering that symptoms of asthma can be treated with a roller coaster ride.[158]",[158]
2010,Peace,"Richard Stephens, John Atkins, and Andrew Kingston of Keele University, UK, for confirming the widely held belief that swearing relieves pain.[159]",[159]
2010,Physics,"Lianne Parkin, Sheila Williams, and Patricia Priest of the University of Otago, New Zealand, for demonstrating that, on icy footpaths in wintertime, people slip and fall less often if they wear socks on the outside of their shoes.[160]",[160]
2010,Public Health,"Manuel Barbeito, Charles Mathews, and Larry Taylor of the Industrial Health and Safety Office, Fort Detrick for determining by experiment that microbes cling to bearded scientists.[161]",[161]
2010,Transportation Planning,"Toshiyuki Nakagaki, Atsushi Tero, Seiji Takagi, Tetsu Saigusa, Kentaro Ito, Kenji Yumiki, Ryo Kobayashi of Japan, and Dan Bebber, Mark Fricker of the UK, for using slime mold to determine the optimal routes for railroad tracks.[162]",[162]
2011,Biology,Darryl Gwynne and David Rentz for discovering that certain kinds of beetle mate with certain kinds of Australian beer bottle.[163],[163]
2011,Chemistry,"Makoto Imai, Naoki Urushihata, Hideki Tanemura, Yukinobu Tajima, Hideaki Goto, Koichiro Mizoguchi and Junichi Murakami for determining the ideal density of airborne wasabi (pungent horseradish) to awaken sleeping people in case of a fire or other emergency, and for applying this knowledge to invent the wasabi alarm.[164][165]","[164, 165]"
2011,Literature,"John Perry of Stanford University for his Theory of Structured Procrastination, which states: ""To be a high achiever, always work on something important, using it as a way to avoid doing something that's even more important.""[166][167][168]","[166, 167, 168]"
2011,Mathematics,"Dorothy Martin of the U.S. (who predicted the world would end in 1954), Pat Robertson of the U.S. (who predicted the world would end in 1982), Elizabeth Clare Prophet of the U.S. (who predicted the world would end in 1990), Lee Jang Rim of Korea (who predicted the world would end in 1992), Credonia Mwerinde of Uganda (who predicted the world would end in 1999), and Harold Camping of the U.S. (who originally predicted the world would end on 6 September 1994, and later predicted that the world would end on 21 May 2011, which preceded his final prediction on 21 October 2011), for teaching the world to be careful when making mathematical assumptions and calculations.",[]
2011,Medicine,"Mirjam Tuk, Debra Trampe and Luk Warlop,[169] and jointly to Matthew Lewis, Peter Snyder, Robert Feldman, Robert Pietrzak, David Darby and Paul Maruff for demonstrating that people make better decisions about some kinds of things – but worse decisions about other kinds of things – when they have a strong urge to urinate.[170]","[169, 170]"
2011,Peace,"Arturas Zuokas, the mayor of Vilnius, Lithuania, for demonstrating that the problem of illegally parked luxury cars can be solved by running them over with a tank.[171][172] (Note, the vehicle used was not a tank, but a BTR-60 Armoured personnel carrier.)[173]","[171, 172, 173]"
2011,Psychology,"Karl Halvor Teigen of the University of Oslo, Norway, for trying to understand why, in everyday life, people sigh.[174]",[174]
2011,Physics,"Philippe Perrin, Cyril Perrot, Dominique Deviterne, Bruno Ragaru and Herman Kingma for trying to determine why discus throwers become dizzy, and why hammer throwers don't, in their paper ""Dizziness in discus throwers is related to motion sickness generated while spinning"".[175]",[175]
2011,Physiology,"Anna Wilkinson, Natalie Sebanz, Isabella Mandl and Ludwig Huber for their study ""No evidence of contagious yawning in the red-footed tortoise Geochelone carbonaria"".[176]",[176]
2011,Public safety,"John Senders of the University of Toronto, Canada, for conducting a series of safety experiments in which a person drives an automobile on a major highway while a visor repeatedly flaps down over their face, blinding them.[177]",[177]
2012,Acoustics,Kazutaka Kurihara and Koji Tsukada for creating the SpeechJammer – a machine that disrupts a person's speech by making them hear their own spoken words at a very slight delay.[178],[178]
2012,Anatomy,"Frans de Waal and Jennifer Pokorny, for discovering that chimpanzees can identify other chimpanzees individually by seeing photographs of their anogenital regions (their behinds).[179]",[179]
2012,Chemistry,"Johan Pettersson, for solving the puzzle of why, in certain new houses in the town of Anderslöv, Sweden, people's hair turned green. Water pipes connected to these houses lacked coatings, so hot water left in the pipes overnight peeled copper from them, leading to very high copper levels in the water.[180]",[180]
2012,Fluid Dynamics,"Rouslan Krechetnikov and Hans Mayer for studying the dynamics of liquid sloshing, to learn what happens when a person walks while carrying a cup of coffee.[181]",[181]
2012,Literature,"The US Government General Accountability Office, for issuing a report about reports about reports that recommends the preparation of a report about the report about reports about reports.[182]",[182]
2012,Medicine,"Emmanuel Ben-Soussan and Michel Antonietti, for advising doctors who perform colonoscopies how to minimize the chance that their patients will explode.[183][184]","[183, 184]"
2012,Neuroscience,"Craig Bennett, Abigail Baird, Michael Miller, and George Wolford, for demonstrating that brain researchers, by using complicated instruments and simple statistics, can see meaningful brain activity anywhere – even in a dead salmon.[185]",[185]
2012,Peace,"The SKN Company, for converting old Russian ammunition into new diamonds.[186][187]","[186, 187]"
2012,Physics,"Joseph Keller, Raymond E. Goldstein, Patrick Warren, and Robin Ball [Wikidata], for calculating the balance of forces that shape and move the hair in a human ponytail.[188]",[188]
2012,Psychology,"Anita Eerland, Rolf Zwaan, and Tulio Guadalupe for their study ""Leaning to the Left Makes the Eiffel Tower Seem Smaller"".[189]",[189]
2013,Archaeology,"Brian Crandall and Peter Stahl, for parboiling a dead shrew, and then swallowing the shrew without chewing, and then carefully examining everything excreted during subsequent days—all so they could see which bones would dissolve inside the human digestive system, and which bones would not.[190]",[190]
2013,Biology,"Marie Dacke, Emily Baird, Marcus Byrne, Clarke Scholtz, and Eric Warrant, for discovering that when dung beetles get lost, they can navigate their way home by looking at the Milky Way.[191]",[191]
2013,Chemistry,"Shinsuke Imai, Nobuaki Tsuge, Muneaki Tomotake, Yoshiaki Nagatome, Toshiyuki Nagata, and Hidehiko Kumagai, for discovering that the biochemical process by which onions make people cry is even more complicated than scientists previously realized.[192]",[192]
2013,Medicine,"Masateru Uchiyama, Xiangyuan Jin, Qi Zhang, Toshihito Hirai, Atsushi Amano, Hisashi Bashuda, and Masanori Niimi, for assessing the effect of listening to opera on mice which have had heart transplant operations.[193]",[193]
2013,Peace,"Alexander Lukashenko, president of Belarus, for making it illegal to applaud in public, and to the Belarus State Police, for arresting a one-armed man for applauding.[194]",[194]
2013,Probability,"Bert Tolkamp, Marie Haskell, Fritha Langford, David Roberts, and Colin Morgan, for making two related discoveries: First, that the longer a cow has been lying down, the more likely that cow will soon stand up; and second, that once a cow stands up, you cannot easily predict how soon that cow will lie down again.[195]",[195]
2013,Physics,"Alberto Minetti, Yuri Ivanenko, Germana Cappellini, Nadia Dominici, and Francesco Lacquaniti, for discovering that some people would be physically capable of running across the surface of a pond—if those people and that pond were on the moon.[196]",[196]
2013,Psychology,"Laurent Bègue, Brad Bushman, Oulmann Zerhouni, Baptiste Subra, and Medhi Ourabah, for confirming, by experiment, that people who think they are drunk also think they are attractive.[197]",[197]
2013,Public Health,"Kasian Bhanganada, Tu Chayavatana, Chumporn Pongnumkul, Anunt Tonmukayakul, Piyasakol Sakolsatayadorn, Krit Komaratal, and Henry Wilde, for the medical techniques described in their report ""Surgical Management of an Epidemic of Penile Amputations in Siam""—techniques which they recommend, except in cases where the amputated penis had been partially eaten by a duck.[198]",[198]
2013,Safety Engineering,"The late Gustano Pizzo, for inventing an electro-mechanical system to trap airplane hijackers—the system drops a hijacker through trap doors, seals him into a package, then drops the encapsulated hijacker through the airplane's specially-installed bomb bay doors, whence he parachutes to earth, where police, having been alerted by radio, await his arrival. (U.S. Patent 3,811,643)",[]
2014,Arctic on Science,"Eigil Reimers and Sindre Eftestøl, for testing how reindeer react to seeing humans who are disguised as polar bears.[199]",[199]
2014,Art,"Marina de Tommaso, Michele Sardaro, and Paolo Livrea, for measuring the relative pain people suffer while looking at an ugly painting, rather than a pretty painting, while being shot [in the hand] by a powerful laser beam.[200]",[200]
2014,Biology,"Vlastimil Hart, Petra Nováková, Erich Pascal Malkemper, Sabine Begall, Vladimír Hanzal, Miloš Ježek, Tomáš Kušta, Veronika Němcová, Jana Adámková, Kateřina Benediktová, Jaroslav Červený and Hynek Burda, for carefully documenting that when dogs defecate and urinate, they prefer to align their body axis with Earth's north–south geomagnetic field lines.[201]",[201]
2014,Economics,"ISTAT – the Italian government's National Institute of Statistics, for including revenue from illegal drug sales, prostitution, smuggling, etc., in GDP reporting, in order to meet an EU regulatory mandate.[202]",[202]
2014,Medicine,"Ian Humphreys, Sonal Saraiya, Walter Belenky and James Dworkin, for treating ""uncontrollable"" nosebleeds, using the method of nasal-packing-with-strips-of-cured-pork.[203]",[203]
2014,Neuroscience,"Jiangang Liu, Jun Li, Lu Feng, Ling Li, Shubham Bose, Jie Tian, and Kang Lee, for trying to understand what happens in the brains of people who see the face of Jesus in a piece of toast.[204]",[204]
2014,Nutrition,"Raquel Rubio, Anna Jofré, Belén Martín, Teresa Aymerich, and Margarita Garriga, for their study titled ""Characterization of Lactic Acid Bacteria Isolated from Infant Faeces as Potential Probiotic Starter Cultures for Fermented Sausages.""[205]",[205]
2014,Physics,"Kiyoshi Mabuchi, Kensei Tanaka, Daichi Uchijima and Rina Sakai, for measuring the amount of friction between a shoe and a banana skin, and between a banana skin and the floor, when a person steps on a banana skin that's on the floor.[206]",[206]
2014,Psychology,"Peter K. Jonason, Amy Jones, and Minna Lyons, for amassing evidence that people who habitually stay up late are, on average, more self-admiring, more manipulative, and more psychopathic than people who habitually arise early in the morning.[207][208]","[207, 208]"
2014,Public Health,"Jaroslav Flegr, Jan Havlíček and Jitka Hanušova-Lindova, and to David Hanauer, Naren Ramakrishnan, Lisa Seyfried, for investigating whether it is mentally hazardous for a human being to own a cat.[209]",[209]
2015,Chemistry,"Callum Ormonde and Colin Raston, and Tom Yuan, Stephan Kudlacek, Sameeran Kunche, Joshua N. Smith, William A. Brown, Kaitlin Pugliese, Tivoli Olsen, Mariam Iftikhar, Gregory Weiss, for inventing a chemical recipe to partially un-boil an egg.[210]",[210]
2015,Physics,"Patricia Yang, David Hu, and Jonathan Pham, Jerome Choo, for testing the biological principle that nearly all mammals empty their bladders in about 21 seconds (plus or minus 13 seconds).[211]",[211]
2015,Literature,"Mark Dingemanse, Francisco Torreira, and Nick J. Enfield, for discovering that the word ""huh?"" (or its equivalent) seems to exist in every human language — and for not being quite sure why.[212]",[212]
2015,Management,"Gennaro Bernile, Vineet Bhagwat, and P. Raghavendra Rau, for discovering that many business leaders developed in childhood a fondness for risk-taking, when they experienced natural disasters (such as earthquakes, volcanic eruptions, tsunamis, and wildfires) that — for them—had no dire personal consequences.[213]",[213]
2015,Economics,"The Bangkok Metropolitan Police, for offering to pay policemen extra cash if the policemen refuse to take bribes.[214]",[214]
2015,Medicine,"Awarded jointly to two groups: Hajime Kimata; and to Jaroslava Durdiaková, Peter Celec, Natália Kamodyová, Tatiana Sedláčková, Gabriela Repiská, Barbara Sviežená, and Gabriel Minárik, for experiments to study the biomedical benefits or biomedical consequences of intense kissing (and other intimate, interpersonal activities).[215][216][217][218]","[215, 216, 217, 218]"
2015,Mathematics,"Elisabeth Oberzaucher and Karl Grammer, for trying to use mathematical techniques to determine whether and how Moulay Ismael the Bloodthirsty, the Sharifian Emperor, managed, during the years from 1697 through 1727, to father 888 children.[219]",[219]
2015,Biology,"Bruno Grossi, Omar Larach, Mauricio Canals, Rodrigo A. Vásquez, José Iriarte-Díaz, for observing that when you attach a weighted stick to the rear end of a chicken, the chicken then walks in a manner similar to that in which dinosaurs are thought to have walked.[220]",[220]
2015,Diagnostic Medicine,"Diallah Karim, Anthony Harnden, Nigel D'Souza, Andrew Huang, Abdel Kader Allouni, Helen Ashdown, Richard J. Stevens, and Simon Kreckler, for determining that acute appendicitis can be accurately diagnosed by the amount of pain evident when the patient is driven over speed bumps.[221]",[221]
2015,Physiology and Entomology,"Awarded jointly to two individuals: Justin Schmidt, for painstakingly creating the Schmidt sting pain index, which rates the relative pain people feel when stung by various insects;[222] and to Michael L. Smith, for carefully arranging for honey bees to sting him repeatedly on 25 different locations on his body, to learn which locations are the least painful (the skull, middle toe tip, and upper arm) and which are the most painful (the nostril, upper lip, and penis shaft).[223]","[222, 223]"
2016,Reproduction,"The late Ahmed Shafik, for testing the effects of wearing polyester, cotton, or wool trousers on the sex life of rats,[224] and for then conducting similar tests on the human male.[225]","[224, 225]"
2016,Economics,"Mark Avis and colleagues, for assessing the perceived personalities of rocks, from a sales and marketing perspective.[226]",[226]
2016,Physics,"Gabor Horvath and colleagues, for discovering why white-haired horses are the most horsefly-proof horses,[227] and for discovering why dragonflies are fatally attracted to black tombstones.[228]","[227, 228]"
2016,Chemistry,"Volkswagen, for solving the problem of excessive automobile pollution emissions by automatically, electromechanically producing fewer emissions whenever the cars are being tested.",[]
2016,Medicine,"Christoph Helmchen and colleagues, for discovering that if you have an itch on the left side of your body, you can relieve it by looking into a mirror and scratching the right side of your body (and vice versa).[229]",[229]
2016,Psychology,"Evelyne Debey and colleagues, for asking a thousand liars how often they lie, and for deciding whether to believe those answers.[230]",[230]
2016,Peace,"Gordon Pennycook and colleagues, for their scholarly study called ""On the Reception and Detection of Pseudo-Profound Bullshit"".[231]",[231]
2016,Biology,"Awarded jointly to: Charles Foster, for living in the wild as, at different times, a badger, an otter, a deer, a fox, and a bird; and to Thomas Thwaites, for creating prosthetic extensions of his limbs that allowed him to move in the manner of, and spend time roaming hills in the company of, goats.",[]
2016,Literature,"Fredrik Sjöberg [sv], for his three-volume autobiographical work about the pleasures of collecting flies that are dead, and flies that are not yet dead.",[]
2016,Perception,"Atsuki Higashiyama and Kohei Adachi, for investigating whether things look different when you bend over and view them between your legs.[232]",[232]
2017,Physics,"Marc-Antoine Fardin, for using fluid dynamics to probe the question ""Can a Cat Be Both a Solid and a Liquid?""[234]",[234]
2017,Peace,"Milo Puhan, Alex Suarez, Christian Lo Cascio, Alfred Zahn, Markus Heitz, and Otto Braendli, for demonstrating that regular playing of a didgeridoo is an effective treatment for obstructive sleep apnoea and snoring.[235]",[235]
2017,Economics,"Matthew Rockloff and Nancy Greer, for their experiments to see how contact with a live crocodile affects a person's willingness to gamble.[236]",[236]
2017,Anatomy,"James Heathcote, for his medical research study ""Why Do Old Men Have Big Ears?""[237]",[237]
2017,Biology,"Kazunori Yoshizawa, Rodrigo Ferreira, Yoshitaka Kamimura, and Charles Lienhard, for their discovery of a female penis, and a male vagina, in a cave insect.[238]",[238]
2017,Fluid Dynamics,"Jiwon Han, for studying the dynamics of liquid-sloshing, to learn what happens when a person walks backwards while carrying a cup of coffee.[239]",[239]
2017,Nutrition,"Fernanda Ito, Enrico Bernard, and Rodrigo Torres, for the first scientific report of human blood in the diet of the hairy-legged vampire bat.[240]",[240]
2017,Medicine,"Jean-Pierre Royet, David Meunier, Nicolas Torquet, Anne-Marie Mouly and Tao Jiang, for using advanced brain-scanning technology to measure the extent to which some people are disgusted by cheese.[241]",[241]
2017,Cognition,"Matteo Martini, Ilaria Bufalari, Maria Antonietta Stazi, and Salvatore Maria Aglioti, for demonstrating that many identical twins cannot tell each other apart visually.[242]",[242]
2017,Obstetrics,"Marisa López-Teijón, Álex García-Faura, Alberto Prats-Galino, and Luis Pallarés Aniorte, for showing that a developing human fetus responds more strongly to music that is played electromechanically inside the mother's vagina than to music that is played electromechanically on the mother's belly.[243] Fetal Acoustic Stimulation Device, patent ES2546919B1, granted 29 September 2015 to Luis y Pallarés Aniorte and Maria Luisa López-Teijón Pérez.",[243]
2018,Medicine,"Marc Mitchell and David Wartinger, for using roller coaster rides to try to hasten the passage of kidney stones.[245]",[245]
2018,Anthropology,"Tomas Persson, Gabriela-Alina Sauciuc, and Elainie Madsen, for collecting evidence, in a zoo, that chimpanzees imitate humans about as often, and about as well, as humans imitate chimpanzees.[246]",[246]
2018,Biology,"Paul Becher, Sebastien Lebreton, Erika Wallin, Erik Hedenström, Felipe Borrero-Echeverry, Marie Bengtsson, Volker Jörger, and Peter Witzgall, for demonstrating that wine experts can reliably identify, by smell, the presence of a single fruit fly in a glass of wine.[247]",[247]
2018,Chemistry,"Paula Romão, Adília Alarcão and the late César Viana, for measuring the degree to which human saliva is a good cleaning agent for dirty surfaces.[248]",[248]
2018,Medical Education,"Akira Horiuchi, for the medical report ""Colonoscopy in the Sitting Position: Lessons Learned From Self-Colonoscopy.""[249]",[249]
2018,Literature,"Thea Blackler, Rafael Gomez, Vesna Popovic and M. Helen Thompson, for documenting that most people who use complicated products do not read the instruction manual.[250]",[250]
2018,Nutrition,"James Cole, for calculating that the caloric intake from a human-cannibalism diet is significantly lower than the caloric intake from most other traditional meat diets.[251]",[251]
2018,Peace,"Francisco Alonso, Cristina Esteban, Andrea Serge, Maria-Luisa Ballestar, Jaime Sanmartín, Constanza Calatayud, and Beatriz Alamar, for measuring the frequency, motivation, and effects of shouting and cursing while driving an automobile.[252]",[252]
2018,Reproductive Medicine,"John Barry, Bruce Blank, and Michel Boileau, for using postage stamps to test whether the male sexual organ is functioning properly—as described in their study ""Nocturnal Penile Tumescence Monitoring With Stamps.""[253]",[253]
2018,Economics,"Lindie Hanyu Liang, Douglas Brown, Huiwen Lian, Samuel Hanig, D. Lance Ferris, and Lisa Keeping, for investigating whether it is effective for employees to use Voodoo dolls to retaliate against abusive bosses.[254]",[254]
2019,Medicine,"Silvano Gallus, for collecting evidence that pizza might protect against illness and death, if the pizza is made and eaten in Italy.[256]",[256]
2019,Medical Education,"Karen Pryor and Theresa McKeon, for using a simple animal-training technique—called ""clicker training""—to train surgeons to perform orthopedic surgery.[257]",[257]
2019,Biology,"Ling-Jun Kong, Herbert Crepaz, Agnieszka Górecka, Aleksandra Urbanek, Rainer Dumke, and Tomasz Paterek, for discovering that dead magnetized cockroaches behave differently than living magnetized cockroaches.[258]",[258]
2019,Anatomy,"Roger Mieusset and Bourras Bengoudifa, for measuring scrotal temperature asymmetry in naked and clothed postmen in France.[259]",[259]
2019,Chemistry,"Shigeru Watanabe, Mineko Ohnishi, Kaori Imai, Eiji Kawano, and Seiji Igarashi, for estimating the total saliva volume produced per day by a typical five-year-old child.[260]",[260]
2019,Engineering,"Iman Farahbakhsh, for inventing a diaper-changing machine for use on human infants.[261]",[261]
2019,Economics,"Habip Gedik, Timothy A. Voss, and Andreas Voss, for testing which country's paper money is best at transmitting dangerous bacteria.[262]",[262]
2019,Peace,"Ghada A. bin Saif, Alexandru Papoiu, Liliana Banari, Francis McGlone, Shawn G. Kwatra, Yiong-Huak Chan, and Gil Yosipovitch, for trying to measure the pleasurability of scratching an itch.[263]",[263]
2019,Psychology,"Fritz Strack, for discovering that holding a pen in one's mouth makes one smile,[264] which makes one happier—and for then discovering that it does not.[265]","[264, 265]"
2019,Physics,"Patricia Yang, Alexander Lee, Miles Chan, Alynn Martin, Ashley Edwards, Scott Carver, and David Hu, for studying how, and why, wombats make cube-shaped feces.[266]",[266]
2020,Acoustics,"Stephan Reber, Takeshi Nishimura, Judith Janisch, Mark Robertson, and Tecumseh Fitch, for inducing a female Chinese alligator to bellow in an airtight chamber filled with helium-enriched air.[268]",[268]
2020,Psychology,"Miranda Giacomin and Nicholas Rule, for devising a method to identify narcissists by examining their eyebrows.[269]",[269]
2020,Peace,"The governments of India and Pakistan, for having their diplomats surreptitiously ring each other's doorbells in the middle of the night, and then run away before anyone had a chance to answer the door.[270]",[270]
2020,Physics,"Ivan Maksymov and Andriy Pototsky, for determining, experimentally, what happens to the shape of a living earthworm when one vibrates the earthworm at high frequency.[271]",[271]
2020,Economics,"Christopher Watkins, Juan David Leongómez, Jeanne Bovet, Agnieszka Żelaźniewicz, Max Korbmacher, Marco Antônio Corrêa Varella, Ana Maria Fernandez, Danielle Wagstaff, and Samuela Bolgan, for trying to quantify the relationship between different countries’ national income inequality and the average amount of mouth-to-mouth kissing.[272]",[272]
2020,Management,"Xi Guang-An (Chinese: 奚广安), Mo Tian-Xiang (Chinese: 莫天祥), Yang Kang-Sheng (Chinese: 杨康生), Yang Guang-Sheng (Chinese: 杨广生), and Ling Xian Si (Chinese: 凌显四), five professional hitmen in Guangxi, China, who managed a contract for a hit job (a murder performed for money) in the following way: After accepting payment to perform the murder, Xi Guang-An then instead subcontracted the task to Mo Tian-Xiang, who then instead subcontracted the task to Yang Kang-Sheng, who then instead subcontracted the task to Yang Guang-Sheng, who then instead subcontracted the task to Ling Xian-Si, with each subsequently enlisted hitman receiving a smaller percentage of the fee, and nobody actually performing a murder.",[]
2020,Entomology,"Richard Vetter, for collecting evidence that many entomologists (scientists who study insects) are afraid of spiders, which are not insects.[273]",[273]
2020,Medicine,"Nienke Vulink, Damiaan Denys, and Arnoud van Loon, for diagnosing a long-unrecognized medical condition: Misophonia, the distress at hearing other people make chewing sounds.[274][275]","[274, 275]"
2020,Medical Education,"Jair Bolsonaro of Brazil, Boris Johnson of the United Kingdom, Narendra Modi of India, Andrés Manuel López Obrador of Mexico, Alexander Lukashenko of Belarus, Donald Trump of the United States, Recep Tayyip Erdoğan of Turkey, Vladimir Putin of Russia, and Gurbanguly Berdimuhamedow of Turkmenistan, for using the COVID-19 viral pandemic to teach the world that politicians can have a more immediate effect on life and death than scientists and doctors can.",[]
2020,Materials Science,"Metin Eren, Michelle Bebber, James Norris, Alyssa Perrone, Ashley Rutkoski, Michael Wilson, and Mary Ann Raghanti, for showing that knives manufactured from frozen human feces are not effective tools for skinning or butchery.[276]",[276]
2021,Biology,"Susanne Schötz, Robert Eklund and Joost van de Weijer for analyzing variations in purring, chirping, chattering, trilling, tweedling, murmuring, meowing, moaning, squeaking, hissing, yowling, howling, growling, and other modes of cat-human communication.[279][280][281][282][283]","[279, 280, 281, 282, 283]"
2021,Ecology,"Leila Satari, Alba Guillén, Àngela Vidal-Verdú, and Manuel Porcar, for using genetic analysis to identify the different species of bacteria that reside in wads of discarded chewing gum stuck on pavements in various countries.[284]",[284]
2021,Chemistry,"Jörg Wicker, Nicolas Krauter, Bettina Derstroff, Christof Stönner, Efstratios Bourtsoukidis, Achim Edtbauer, Jochen Wulf, Thomas Klüpfel, Stefan Kramer, and Jonathan Williams, for chemically analyzing the air inside movie theaters, to test whether the odours produced by an audience reliably indicate the levels of violence, sex, antisocial behavior, drug use, and profanity in the movie the audience is watching.[285]",[285]
2021,Economics,"Pavlo Blavatskyy, for discovering that the obesity of a country’s politicians may be a good indicator of that country’s corruption perception.[286]",[286]
2021,Medicine,"Olcay Cem Bulut, Dare Oladokun, Burkard Lippert, and Ralph Hohenberger, for demonstrating that sexual orgasms can be as effective as decongestant medicines at improving nasal breathing.[287]",[287]
2021,Peace,"Ethan Beseris, Steven Naleway, and David Carrier, for testing the hypothesis that humans evolved beards to protect themselves from punches to the face.[288]",[288]
2021,Physics,"Alessandro Corbetta, Jasper Meeusen, Chung-min Lee, Roberto Benzi, and Federico Toschi, for conducting experiments to learn why pedestrians do not constantly collide with other pedestrians.[289]",[289]
2021,Kinetics,"Hisashi Murakami, Claudio Feliciani, Yuta Nishiyama, and Katsuhiro Nishinari, for conducting experiments to learn how mutual anticipation can contribute to self-organization in crowds.[290]",[290]
2021,Entomology,"John Mulrennan Jr, Roger Grothaus, Charles Hammond, and Jay Lamdin, for their research study “A New Method of Cockroach Control on Submarines”.[291]",[291]
2021,Transportation,"Robin Radcliffe, Mark Jago, Peter Morkel, Estelle Morkel, Pierre du Preez, Piet Beytell, Birgit Kotting, Bakker Manuel, Jan Hendrik du Preez, Michele Miller, Julia Felippe, Stephen Parry, and Robin Gleed, for determining by experiment whether it is safer to transport an airborne rhinoceros upside-down.[292]",[292]
2022,Applied Cardiology:,"Eliska Prochazkova, Elio Sjak-Shie, Friederike Behrens, Daniel Lindh, and Mariska Kret, for seeking and finding evidence that when new romantic partners meet for the first time, and feel attracted to each other, their heart rates synchronize.[294]",[294]
2022,Literature:,"Eric Martínez, Francis Mollica, and Edward Gibson, for analyzing what makes legal documents unnecessarily difficult to understand.[295]",[295]
2022,Biology:,"Solimary García-Hernández and Glauco Machado, for studying whether and how constipation affects the mating prospects of scorpions.[296]",[296]
2022,Medicine:,"Marcin Jasiński, Martyna Maciejewska, Anna Brodziak, Michał Górka, Kamila Skwierawska, Wiesław Jędrzejczak, Agnieszka Tomaszewska, Grzegorz Basak, and Emilian Snarski, for showing that when patients undergo some forms of toxic chemotherapy, they suffer fewer harmful side effects when ice cream replaces one traditional component of the procedure.[297]",[297]
2022,Engineering:,"Gen Matsuzaki, Kazuo Ohuchi, Masaru Uehara, Yoshiyuki Ueno, and Goro Imura, for trying to discover the most efficient way for people to use their fingers when turning a knob.[298]",[298]
2022,Art History:,"Peter de Smet and Nicholas Hellmuth, for their study “A Multidisciplinary Approach to Ritual Enema Scenes on Ancient Maya Pottery.”[299]",[299]
2022,Physics:,"Frank Fish, Zhi-Ming Yuan, Minglu Chen, Laibing Jia, Chunyan Ji, and Atilla Incecik, for trying to understand how ducklings manage to swim in formation.[300][301]","[300, 301]"
2022,Peace:,"Junhui Wu, Szabolcs Számadó, Pat Barclay, Bianca Beersma, Terence Dores Cruz, Sergio Lo Iacono, Annika Nieper, Kim Peters, Wojtek Przepiorka, Leo Tiokhin and Paul Van Lange, for developing an algorithm to help gossipers decide when to tell the truth and when to lie.[302]",[302]
2022,Economics:,"Alessandro Pluchino, Alessio Emanuele Biondo, and Andrea Rapisarda, for explaining, mathematically, why success most often goes not to the most talented people, but instead to the luckiest.[303]",[303]
2022,Safety Engineering:,"Magnus Gens, for developing a moose crash test dummy.[304][305]","[304, 305]"
